OrderID,ProductID,UserID,Quantity,Price,OrderDate,Category,PaymentMethod
1,173,243,5,453.99729303740355,2021-01-01 00:00:00,Home & Kitchen,Debit Card
2,48,359,6,807.3669555781121,2021-01-01 01:00:00,Clothing,PayPal
3,118,21,9,793.6220975998956,2021-01-01 02:00:00,Books,Cash on Delivery
4,193,172,2,822.6909856038934,2021-01-01 03:00:00,Books,PayPal
5,324,119,5,693.9620638781379,2021-01-01 04:00:00,Home & Kitchen,Debit Card
6,252,129,9,760.3821911068625,2021-01-01 05:00:00,Electronics,Credit Card
7,196,485,1,781.9506830338728,2021-01-01 06:00:00,Sports,Credit Card
8,360,366,2,753.8329633786902,2021-01-01 07:00:00,Sports,Credit Card
9,10,106,2,398.1591508412574,2021-01-01 08:00:00,Books,Credit Card
10,212,195,9,205.46689662888272,2021-01-01 09:00:00,Clothing,Cash on Delivery
11,278,226,5,970.4295636581511,2021-01-01 10:00:00,Clothing,Credit Card
12,243,141,1,263.7470419910189,2021-01-01 11:00:00,Home & Kitchen,Credit Card
13,293,272,4,980.5713284373603,2021-01-01 12:00:00,Electronics,Cash on Delivery
14,88,119,1,111.16236933421492,2021-01-01 13:00:00,Clothing,Credit Card
15,71,34,8,828.7047083271264,2021-01-01 14:00:00,Clothing,PayPal
16,473,152,1,219.4028019333237,2021-01-01 15:00:00,Books,Credit Card
17,89,397,9,832.6386680739595,2021-01-01 16:00:00,Clothing,Credit Card
18,397,390,2,78.49295664571633,2021-01-01 17:00:00,Sports,Credit Card
19,315,39,3,868.0359493355559,2021-01-01 18:00:00,Clothing,Debit Card
20,194,258,9,424.1797933325989,2021-01-01 19:00:00,Clothing,Cash on Delivery
21,487,267,6,925.5766249358957,2021-01-01 20:00:00,Electronics,Cash on Delivery
22,40,7,9,645.8565364169528,2021-01-01 21:00:00,Sports,Credit Card
23,88,382,3,521.1995151304859,2021-01-01 22:00:00,Home & Kitchen,PayPal
24,175,263,2,571.5681501511652,2021-01-01 23:00:00,Sports,Cash on Delivery
25,89,103,4,541.0910815850351,2021-01-02 00:00:00,Home & Kitchen,Cash on Delivery
26,338,423,6,145.4022374113001,2021-01-02 01:00:00,Electronics,Credit Card
27,166,332,1,674.8526424649924,2021-01-02 02:00:00,Electronics,PayPal
28,26,371,3,186.92993571889855,2021-01-02 03:00:00,Books,Debit Card
29,334,342,6,839.7937404642643,2021-01-02 04:00:00,Electronics,Debit Card
30,73,383,9,72.27789163808875,2021-01-02 05:00:00,Clothing,PayPal
31,266,371,7,954.8568717641289,2021-01-02 06:00:00,Sports,PayPal
32,405,179,3,157.4690646230141,2021-01-02 07:00:00,Home & Kitchen,Debit Card
33,116,308,8,163.9184887357557,2021-01-02 08:00:00,Sports,PayPal
34,465,259,8,79.38787622321692,2021-01-02 09:00:00,Sports,Cash on Delivery
35,244,333,2,158.31734848585268,2021-01-02 10:00:00,Sports,Credit Card
36,198,158,9,578.2537667706853,2021-01-02 11:00:00,Sports,Cash on Delivery
37,336,10,5,363.3348824182387,2021-01-02 12:00:00,Sports,Debit Card
38,432,116,4,934.5015882546039,2021-01-02 13:00:00,Electronics,Debit Card
39,449,457,4,372.66388936352257,2021-01-02 14:00:00,Sports,Cash on Delivery
40,339,390,3,926.8799645378633,2021-01-02 15:00:00,Sports,PayPal
41,100,117,1,67.98173293378764,2021-01-02 16:00:00,Home & Kitchen,Credit Card
42,473,182,5,227.74057404332734,2021-01-02 17:00:00,Sports,Credit Card
43,178,236,7,844.2512316106358,2021-01-02 18:00:00,Sports,Debit Card
44,244,194,5,172.03634349908228,2021-01-02 19:00:00,Sports,PayPal
45,286,300,4,267.650013065781,2021-01-02 20:00:00,Clothing,Credit Card
46,148,80,3,377.5052142333337,2021-01-02 21:00:00,Clothing,Credit Card
47,148,63,4,588.3564847367121,2021-01-02 22:00:00,Clothing,PayPal
48,399,333,2,398.38800095230994,2021-01-02 23:00:00,Sports,PayPal
49,424,48,2,275.49136786772624,2021-01-03 00:00:00,Electronics,Cash on Delivery
50,289,77,3,492.0747346802019,2021-01-03 01:00:00,Clothing,Debit Card
51,450,150,8,536.5404961171357,2021-01-03 02:00:00,Books,Credit Card
52,266,121,3,962.786171862743,2021-01-03 03:00:00,Clothing,Cash on Delivery
53,186,275,8,679.1950693650606,2021-01-03 04:00:00,Home & Kitchen,Debit Card
54,128,346,1,200.25151364596917,2021-01-03 05:00:00,Electronics,Debit Card
55,33,14,2,763.7169732526712,2021-01-03 06:00:00,Home & Kitchen,PayPal
56,32,223,9,981.3303509717256,2021-01-03 07:00:00,Home & Kitchen,Cash on Delivery
57,203,93,1,159.20799239616107,2021-01-03 08:00:00,Clothing,Credit Card
58,245,237,6,170.6292921686869,2021-01-03 09:00:00,Home & Kitchen,PayPal
59,152,106,3,123.5341775545569,2021-01-03 10:00:00,Home & Kitchen,Cash on Delivery
60,164,214,9,297.85385500050177,2021-01-03 11:00:00,Electronics,PayPal
61,460,7,1,699.0144762895997,2021-01-03 12:00:00,Clothing,Debit Card
62,371,101,5,339.44907803318495,2021-01-03 13:00:00,Electronics,Credit Card
63,184,49,1,104.50204939596553,2021-01-03 14:00:00,Sports,Cash on Delivery
64,29,41,4,633.6028510562363,2021-01-03 15:00:00,Clothing,Cash on Delivery
65,291,411,9,777.3868275126052,2021-01-03 16:00:00,Home & Kitchen,PayPal
66,129,159,2,410.99107538040494,2021-01-03 17:00:00,Clothing,Cash on Delivery
67,129,390,7,670.1487802246202,2021-01-03 18:00:00,Clothing,Debit Card
68,421,144,5,593.140811410387,2021-01-03 19:00:00,Sports,Credit Card
69,54,448,7,647.2075734585198,2021-01-03 20:00:00,Electronics,PayPal
70,390,486,7,427.6633146503558,2021-01-03 21:00:00,Clothing,Credit Card
71,39,38,5,482.3284894010141,2021-01-03 22:00:00,Clothing,Debit Card
72,489,60,8,816.8001115437943,2021-01-03 23:00:00,Books,Cash on Delivery
73,245,114,3,591.2507847072847,2021-01-04 00:00:00,Clothing,Cash on Delivery
74,274,96,9,103.34522209367462,2021-01-04 01:00:00,Electronics,Debit Card
75,336,353,1,39.55516749786365,2021-01-04 02:00:00,Books,PayPal
76,389,497,9,516.1391018027384,2021-01-04 03:00:00,Home & Kitchen,Debit Card
77,106,209,7,549.213225414867,2021-01-04 04:00:00,Home & Kitchen,Debit Card
78,43,289,3,818.0064069163715,2021-01-04 05:00:00,Clothing,Debit Card
79,443,63,7,733.1324539726606,2021-01-04 06:00:00,Electronics,Credit Card
80,32,395,6,233.1290892239768,2021-01-04 07:00:00,Clothing,PayPal
81,377,397,4,795.6610717206397,2021-01-04 08:00:00,Home & Kitchen,PayPal
82,258,94,8,632.824467643466,2021-01-04 09:00:00,Clothing,Debit Card
83,322,321,9,240.93827273472866,2021-01-04 10:00:00,Clothing,Debit Card
84,488,414,4,520.7146592535744,2021-01-04 11:00:00,Home & Kitchen,Credit Card
85,426,347,9,247.6273826683545,2021-01-04 12:00:00,Home & Kitchen,PayPal
86,58,488,9,724.5056421684226,2021-01-04 13:00:00,Books,Credit Card
87,292,151,5,308.8468854039341,2021-01-04 14:00:00,Books,PayPal
88,359,404,5,501.77697937280925,2021-01-04 15:00:00,Electronics,PayPal
89,120,390,2,899.2143190676371,2021-01-04 16:00:00,Electronics,Credit Card
90,268,293,1,987.4877707678515,2021-01-04 17:00:00,Home & Kitchen,Credit Card
91,431,84,8,958.3196675037813,2021-01-04 18:00:00,Electronics,Cash on Delivery
92,83,128,7,772.7617326505309,2021-01-04 19:00:00,Electronics,Debit Card
93,92,485,3,144.84123216278545,2021-01-04 20:00:00,Books,Cash on Delivery
94,385,262,2,473.26762860277813,2021-01-04 21:00:00,Home & Kitchen,Cash on Delivery
95,399,349,1,968.602661593278,2021-01-04 22:00:00,Books,Cash on Delivery
96,100,461,7,359.4794960297156,2021-01-04 23:00:00,Clothing,PayPal
97,54,155,2,167.9015831037898,2021-01-05 00:00:00,Home & Kitchen,Debit Card
98,397,242,7,199.39943017423607,2021-01-05 01:00:00,Sports,PayPal
99,122,84,8,553.8548388428784,2021-01-05 02:00:00,Electronics,Debit Card
100,427,397,2,31.48479344265114,2021-01-05 03:00:00,Electronics,Debit Card
101,85,487,6,772.5588260014287,2021-01-05 04:00:00,Home & Kitchen,PayPal
102,204,136,3,398.64333307818697,2021-01-05 05:00:00,Sports,Debit Card
103,325,181,1,231.12463282448618,2021-01-05 06:00:00,Home & Kitchen,Credit Card
104,263,81,3,298.68071263115644,2021-01-05 07:00:00,Electronics,Cash on Delivery
105,453,414,7,805.1126394885532,2021-01-05 08:00:00,Electronics,Credit Card
106,48,1,7,46.80933061682143,2021-01-05 09:00:00,Home & Kitchen,Debit Card
107,128,216,4,773.6076449844836,2021-01-05 10:00:00,Clothing,PayPal
108,132,208,6,764.6739434341417,2021-01-05 11:00:00,Books,PayPal
109,461,331,5,90.72580690054238,2021-01-05 12:00:00,Home & Kitchen,PayPal
110,357,253,8,832.7260251859263,2021-01-05 13:00:00,Clothing,Debit Card
111,181,132,4,180.32174195594084,2021-01-05 14:00:00,Sports,Credit Card
112,489,62,3,145.06804533026494,2021-01-05 15:00:00,Electronics,Debit Card
113,335,324,7,174.73718420967484,2021-01-05 16:00:00,Electronics,Cash on Delivery
114,144,145,2,12.730428841926729,2021-01-05 17:00:00,Home & Kitchen,Cash on Delivery
115,149,369,6,538.122122373379,2021-01-05 18:00:00,Sports,Cash on Delivery
116,228,458,2,375.28609308271143,2021-01-05 19:00:00,Home & Kitchen,Cash on Delivery
117,443,85,4,151.82069825324675,2021-01-05 20:00:00,Books,Credit Card
118,280,117,2,870.0412912079819,2021-01-05 21:00:00,Home & Kitchen,Debit Card
119,208,230,1,511.13964974314285,2021-01-05 22:00:00,Electronics,Debit Card
120,398,256,8,355.22098818822275,2021-01-05 23:00:00,Electronics,PayPal
121,374,313,4,537.3933727116734,2021-01-06 00:00:00,Clothing,Credit Card
122,342,319,7,811.1197830627087,2021-01-06 01:00:00,Books,Debit Card
123,49,441,5,179.22545792426345,2021-01-06 02:00:00,Clothing,Credit Card
124,306,49,5,867.0198433716126,2021-01-06 03:00:00,Books,Debit Card
125,70,146,4,589.5903478713301,2021-01-06 04:00:00,Electronics,Credit Card
126,170,374,6,619.3765755851314,2021-01-06 05:00:00,Home & Kitchen,Debit Card
127,164,442,5,592.6567508152775,2021-01-06 06:00:00,Electronics,Credit Card
128,449,10,5,229.10592802293652,2021-01-06 07:00:00,Clothing,PayPal
129,96,493,1,192.89115338633786,2021-01-06 08:00:00,Clothing,Cash on Delivery
130,198,191,1,482.57879271838914,2021-01-06 09:00:00,Home & Kitchen,Credit Card
131,95,80,6,362.77930739172325,2021-01-06 10:00:00,Sports,Debit Card
132,257,231,1,248.4279855140045,2021-01-06 11:00:00,Electronics,Cash on Delivery
133,370,207,7,585.456602986571,2021-01-06 12:00:00,Clothing,Credit Card
134,179,418,4,857.6227445054939,2021-01-06 13:00:00,Sports,Debit Card
135,293,389,9,561.3287584918326,2021-01-06 14:00:00,Sports,PayPal
136,419,401,7,907.4579971141839,2021-01-06 15:00:00,Electronics,PayPal
137,305,229,3,719.6270580025351,2021-01-06 16:00:00,Clothing,Debit Card
138,350,328,2,901.432904857284,2021-01-06 17:00:00,Sports,Credit Card
139,388,319,8,209.69362013170593,2021-01-06 18:00:00,Clothing,Cash on Delivery
140,99,280,8,591.4632336421013,2021-01-06 19:00:00,Sports,Cash on Delivery
141,43,348,7,361.1309717861305,2021-01-06 20:00:00,Electronics,Debit Card
142,462,367,8,746.2680557559935,2021-01-06 21:00:00,Electronics,Credit Card
143,369,8,6,455.3808717227458,2021-01-06 22:00:00,Clothing,Cash on Delivery
144,488,279,9,418.0593454114619,2021-01-06 23:00:00,Electronics,Credit Card
145,406,355,9,151.5489947931916,2021-01-07 00:00:00,Books,Cash on Delivery
146,202,159,2,361.0089299337848,2021-01-07 01:00:00,Electronics,Cash on Delivery
147,384,247,5,671.1254108873178,2021-01-07 02:00:00,Home & Kitchen,PayPal
148,1,81,7,513.6848429949412,2021-01-07 03:00:00,Electronics,Debit Card
149,395,156,5,523.9405959968971,2021-01-07 04:00:00,Clothing,Credit Card
150,371,48,3,651.6842136326137,2021-01-07 05:00:00,Sports,Cash on Delivery
151,44,496,8,283.0791765490483,2021-01-07 06:00:00,Books,Credit Card
152,443,115,9,228.53879877148157,2021-01-07 07:00:00,Clothing,Credit Card
153,384,12,6,968.0809939075823,2021-01-07 08:00:00,Clothing,Debit Card
154,24,472,8,146.45298919429035,2021-01-07 09:00:00,Sports,Cash on Delivery
155,188,335,7,90.18820287782472,2021-01-07 10:00:00,Sports,Debit Card
156,131,488,4,706.6138422584285,2021-01-07 11:00:00,Home & Kitchen,Credit Card
157,378,287,4,650.6540683569859,2021-01-07 12:00:00,Clothing,Credit Card
158,99,91,8,377.2635194583105,2021-01-07 13:00:00,Books,Credit Card
159,63,291,3,86.01838320944948,2021-01-07 14:00:00,Home & Kitchen,PayPal
160,420,55,9,286.73464394502605,2021-01-07 15:00:00,Home & Kitchen,PayPal
161,223,338,2,71.60232428410114,2021-01-07 16:00:00,Books,Credit Card
162,124,164,4,989.230092383373,2021-01-07 17:00:00,Sports,Credit Card
163,452,72,3,698.4532797308998,2021-01-07 18:00:00,Sports,Cash on Delivery
164,83,366,2,437.57416917362366,2021-01-07 19:00:00,Clothing,PayPal
165,431,316,8,920.5326733912381,2021-01-07 20:00:00,Home & Kitchen,Credit Card
166,228,113,9,569.7912941947529,2021-01-07 21:00:00,Books,Debit Card
167,149,422,8,714.1622227428179,2021-01-07 22:00:00,Books,Debit Card
168,210,69,6,511.702046923296,2021-01-07 23:00:00,Books,PayPal
169,51,438,8,828.2131722025322,2021-01-08 00:00:00,Home & Kitchen,Credit Card
170,412,14,8,982.6220284037505,2021-01-08 01:00:00,Electronics,Debit Card
171,271,102,2,418.0065821392469,2021-01-08 02:00:00,Electronics,Credit Card
172,42,276,6,155.82435486340367,2021-01-08 03:00:00,Clothing,Cash on Delivery
173,59,364,7,407.82607273282014,2021-01-08 04:00:00,Home & Kitchen,Cash on Delivery
174,194,265,6,799.7347984041481,2021-01-08 05:00:00,Home & Kitchen,PayPal
175,37,353,9,10.18484679318404,2021-01-08 06:00:00,Electronics,Credit Card
176,267,210,9,955.048834298975,2021-01-08 07:00:00,Sports,Cash on Delivery
177,87,198,2,665.8893297921213,2021-01-08 08:00:00,Electronics,Credit Card
178,44,381,6,317.54135977768783,2021-01-08 09:00:00,Home & Kitchen,Credit Card
179,361,101,3,494.9231567178348,2021-01-08 10:00:00,Books,Debit Card
180,12,386,6,271.4320162470624,2021-01-08 11:00:00,Home & Kitchen,Debit Card
181,259,254,2,441.57197142381034,2021-01-08 12:00:00,Clothing,PayPal
182,308,158,9,641.8369090313145,2021-01-08 13:00:00,Electronics,Credit Card
183,81,390,2,677.3365161011335,2021-01-08 14:00:00,Clothing,Cash on Delivery
184,33,465,8,329.5456102435435,2021-01-08 15:00:00,Electronics,Cash on Delivery
185,183,231,9,32.736577658241444,2021-01-08 16:00:00,Electronics,Credit Card
186,129,425,6,383.4223773040886,2021-01-08 17:00:00,Clothing,PayPal
187,295,151,1,381.62421764467337,2021-01-08 18:00:00,Clothing,Cash on Delivery
188,276,31,2,417.904175027584,2021-01-08 19:00:00,Books,Debit Card
189,175,256,6,966.0682184417243,2021-01-08 20:00:00,Clothing,Debit Card
190,43,20,2,970.3960058630123,2021-01-08 21:00:00,Sports,Debit Card
191,372,261,5,157.22699152732798,2021-01-08 22:00:00,Home & Kitchen,Credit Card
192,185,149,9,914.298283862897,2021-01-08 23:00:00,Books,Debit Card
193,445,363,3,978.6750472212948,2021-01-09 00:00:00,Electronics,PayPal
194,489,75,9,264.08103164876843,2021-01-09 01:00:00,Sports,Debit Card
195,78,124,4,743.6136611935199,2021-01-09 02:00:00,Clothing,Credit Card
196,287,452,4,183.7003013880469,2021-01-09 03:00:00,Clothing,Credit Card
197,281,215,8,477.2459823761747,2021-01-09 04:00:00,Sports,Credit Card
198,126,317,5,611.1325519793035,2021-01-09 05:00:00,Home & Kitchen,Credit Card
199,259,230,9,187.7925954099417,2021-01-09 06:00:00,Sports,Debit Card
200,4,251,4,551.7122525862948,2021-01-09 07:00:00,Electronics,Cash on Delivery
201,95,94,4,741.4429824389927,2021-01-09 08:00:00,Sports,Debit Card
202,227,170,2,670.7435826994307,2021-01-09 09:00:00,Books,PayPal
203,364,41,8,634.4390294481864,2021-01-09 10:00:00,Sports,Credit Card
204,270,189,6,129.2279197797418,2021-01-09 11:00:00,Sports,Debit Card
205,369,210,6,956.8256189312484,2021-01-09 12:00:00,Electronics,Debit Card
206,297,180,8,149.50787059711297,2021-01-09 13:00:00,Electronics,Credit Card
207,329,297,8,616.1156287548324,2021-01-09 14:00:00,Home & Kitchen,Debit Card
208,20,60,4,138.2360870573459,2021-01-09 15:00:00,Electronics,Debit Card
209,96,491,3,544.3063058522391,2021-01-09 16:00:00,Electronics,Credit Card
210,329,479,2,868.7592937314424,2021-01-09 17:00:00,Electronics,PayPal
211,411,30,3,633.9825772200454,2021-01-09 18:00:00,Sports,Cash on Delivery
212,451,226,6,909.5008194177364,2021-01-09 19:00:00,Sports,PayPal
213,249,95,9,661.9588242174514,2021-01-09 20:00:00,Electronics,PayPal
214,181,239,9,460.8457023196302,2021-01-09 21:00:00,Clothing,PayPal
215,324,166,9,472.1936450223718,2021-01-09 22:00:00,Electronics,Cash on Delivery
216,493,383,3,219.5211361087583,2021-01-09 23:00:00,Electronics,PayPal
217,318,217,3,954.3224178183059,2021-01-10 00:00:00,Home & Kitchen,Debit Card
218,271,273,9,317.81673464308244,2021-01-10 01:00:00,Electronics,Cash on Delivery
219,353,356,5,405.9464208908658,2021-01-10 02:00:00,Electronics,Debit Card
220,261,168,2,39.49164808197577,2021-01-10 03:00:00,Home & Kitchen,Debit Card
221,452,158,2,394.1260496267762,2021-01-10 04:00:00,Electronics,PayPal
222,238,66,1,125.53869935488869,2021-01-10 05:00:00,Electronics,Debit Card
223,140,280,3,199.5112850028446,2021-01-10 06:00:00,Books,PayPal
224,87,201,2,791.6429224969489,2021-01-10 07:00:00,Home & Kitchen,Debit Card
225,462,385,8,477.4681637852274,2021-01-10 08:00:00,Home & Kitchen,Debit Card
226,378,88,1,839.3616890635578,2021-01-10 09:00:00,Books,Credit Card
227,110,294,3,329.6204164564646,2021-01-10 10:00:00,Home & Kitchen,Debit Card
228,332,368,4,389.36413934623147,2021-01-10 11:00:00,Clothing,PayPal
229,185,448,5,833.8132433741544,2021-01-10 12:00:00,Sports,Credit Card
230,17,411,4,76.95521729959785,2021-01-10 13:00:00,Sports,Credit Card
231,153,218,1,822.2182274673053,2021-01-10 14:00:00,Home & Kitchen,Cash on Delivery
232,414,346,1,213.33605804563697,2021-01-10 15:00:00,Sports,Cash on Delivery
233,150,135,7,658.3810783287493,2021-01-10 16:00:00,Electronics,Debit Card
234,111,217,5,537.5408007053592,2021-01-10 17:00:00,Electronics,PayPal
235,26,464,4,791.3926343818762,2021-01-10 18:00:00,Clothing,Credit Card
236,465,102,4,768.8328947950229,2021-01-10 19:00:00,Books,Debit Card
237,445,298,2,579.6499688131062,2021-01-10 20:00:00,Sports,Cash on Delivery
238,378,402,1,584.8824056703933,2021-01-10 21:00:00,Clothing,Debit Card
239,375,465,8,737.0174171893958,2021-01-10 22:00:00,Sports,Credit Card
240,118,369,9,614.4576129894335,2021-01-10 23:00:00,Electronics,Cash on Delivery
241,446,44,7,563.4017198679572,2021-01-11 00:00:00,Clothing,PayPal
242,84,111,3,502.71839958617113,2021-01-11 01:00:00,Clothing,Debit Card
243,162,454,9,957.9347075424131,2021-01-11 02:00:00,Books,Debit Card
244,361,375,9,229.02754687920822,2021-01-11 03:00:00,Electronics,Debit Card
245,417,404,7,442.7233032128045,2021-01-11 04:00:00,Clothing,PayPal
246,229,240,5,424.59952062535154,2021-01-11 05:00:00,Electronics,PayPal
247,252,279,2,590.6908412812445,2021-01-11 06:00:00,Electronics,Debit Card
248,122,366,9,686.9450980625573,2021-01-11 07:00:00,Home & Kitchen,Debit Card
249,327,396,6,230.54339358807434,2021-01-11 08:00:00,Home & Kitchen,PayPal
250,470,12,5,566.2390407417764,2021-01-11 09:00:00,Books,Debit Card
251,288,418,4,921.1849078520249,2021-01-11 10:00:00,Electronics,Debit Card
252,14,392,6,242.00362232849773,2021-01-11 11:00:00,Home & Kitchen,PayPal
253,328,120,8,119.69593140785175,2021-01-11 12:00:00,Sports,Credit Card
254,185,283,7,286.44009042014284,2021-01-11 13:00:00,Electronics,Credit Card
255,153,49,7,557.2133288796185,2021-01-11 14:00:00,Clothing,Debit Card
256,80,200,4,457.95666826984325,2021-01-11 15:00:00,Electronics,PayPal
257,42,240,4,445.98186765125286,2021-01-11 16:00:00,Clothing,Debit Card
258,275,183,3,657.6565790212145,2021-01-11 17:00:00,Books,Cash on Delivery
259,41,97,8,917.3205447590251,2021-01-11 18:00:00,Home & Kitchen,Debit Card
260,439,357,4,194.00402614774563,2021-01-11 19:00:00,Sports,Debit Card
261,208,339,6,355.08789781761675,2021-01-11 20:00:00,Home & Kitchen,Credit Card
262,268,88,9,391.31336354414304,2021-01-11 21:00:00,Clothing,Cash on Delivery
263,167,406,4,161.8366436280113,2021-01-11 22:00:00,Books,Cash on Delivery
264,112,3,9,891.5997071705513,2021-01-11 23:00:00,Clothing,Credit Card
265,350,265,6,933.1189827717235,2021-01-12 00:00:00,Books,Debit Card
266,130,267,1,999.2159201861637,2021-01-12 01:00:00,Books,PayPal
267,224,262,8,244.83598255003508,2021-01-12 02:00:00,Sports,Credit Card
268,375,295,1,81.03438345090504,2021-01-12 03:00:00,Sports,PayPal
269,301,423,2,156.8898375252963,2021-01-12 04:00:00,Home & Kitchen,PayPal
270,217,101,7,822.6569931720658,2021-01-12 05:00:00,Sports,Cash on Delivery
271,382,450,7,930.3813984975596,2021-01-12 06:00:00,Clothing,Cash on Delivery
272,25,118,5,362.339095890084,2021-01-12 07:00:00,Clothing,PayPal
273,68,60,6,962.8712092640023,2021-01-12 08:00:00,Books,Debit Card
274,467,165,8,798.9820769601405,2021-01-12 09:00:00,Home & Kitchen,Cash on Delivery
275,496,390,7,359.95779073546777,2021-01-12 10:00:00,Home & Kitchen,Credit Card
276,260,262,1,852.4433860696136,2021-01-12 11:00:00,Home & Kitchen,PayPal
277,235,39,2,644.5956428505086,2021-01-12 12:00:00,Books,Debit Card
278,205,164,7,452.01874697021526,2021-01-12 13:00:00,Sports,Debit Card
279,487,89,7,457.40632739245785,2021-01-12 14:00:00,Electronics,Debit Card
280,292,434,5,962.4985699615269,2021-01-12 15:00:00,Clothing,PayPal
281,215,208,3,300.09260810215767,2021-01-12 16:00:00,Books,PayPal
282,190,341,3,672.997883476184,2021-01-12 17:00:00,Clothing,Cash on Delivery
283,198,371,5,806.1680839012225,2021-01-12 18:00:00,Sports,Debit Card
284,216,266,5,391.5296178586147,2021-01-12 19:00:00,Sports,Cash on Delivery
285,44,133,4,469.6471129344636,2021-01-12 20:00:00,Books,Credit Card
286,33,434,2,645.8486559611028,2021-01-12 21:00:00,Books,Debit Card
287,12,25,1,591.9034139678621,2021-01-12 22:00:00,Electronics,Cash on Delivery
288,105,95,7,735.8936131732735,2021-01-12 23:00:00,Home & Kitchen,PayPal
289,213,387,7,857.0900562203981,2021-01-13 00:00:00,Electronics,Cash on Delivery
290,139,340,1,546.3258849828171,2021-01-13 01:00:00,Books,Cash on Delivery
291,183,388,9,959.8253966440129,2021-01-13 02:00:00,Electronics,Cash on Delivery
292,492,78,6,288.32423447814153,2021-01-13 03:00:00,Clothing,Credit Card
293,422,268,3,76.08923066522513,2021-01-13 04:00:00,Sports,Credit Card
294,126,398,9,390.5101949673924,2021-01-13 05:00:00,Sports,Credit Card
295,157,485,5,964.4520133932018,2021-01-13 06:00:00,Electronics,Debit Card
296,112,82,5,766.2940308740923,2021-01-13 07:00:00,Home & Kitchen,Credit Card
297,489,155,1,204.92306997908946,2021-01-13 08:00:00,Books,Credit Card
298,259,455,3,979.9085806825253,2021-01-13 09:00:00,Sports,PayPal
299,28,176,6,705.3931668504356,2021-01-13 10:00:00,Electronics,Debit Card
300,468,99,8,801.2435668091865,2021-01-13 11:00:00,Books,Credit Card
301,218,22,8,63.33041314572185,2021-01-13 12:00:00,Sports,Cash on Delivery
302,152,405,2,725.4308411643636,2021-01-13 13:00:00,Electronics,Cash on Delivery
303,310,171,4,488.7900427241842,2021-01-13 14:00:00,Books,Credit Card
304,308,379,3,796.9770544817942,2021-01-13 15:00:00,Home & Kitchen,PayPal
305,175,442,1,718.897135186553,2021-01-13 16:00:00,Electronics,PayPal
306,149,146,4,184.65457379946346,2021-01-13 17:00:00,Electronics,Cash on Delivery
307,438,102,3,919.5328479751486,2021-01-13 18:00:00,Electronics,Credit Card
308,30,474,3,581.9293982231694,2021-01-13 19:00:00,Sports,Credit Card
309,68,245,3,391.8688493558676,2021-01-13 20:00:00,Home & Kitchen,Credit Card
310,36,470,4,235.42933320166173,2021-01-13 21:00:00,Home & Kitchen,Credit Card
311,296,184,6,785.7038032700348,2021-01-13 22:00:00,Electronics,Cash on Delivery
312,394,101,2,970.995366869799,2021-01-13 23:00:00,Electronics,Debit Card
313,74,197,8,738.1651699010256,2021-01-14 00:00:00,Home & Kitchen,Cash on Delivery
314,298,112,6,613.764979038588,2021-01-14 01:00:00,Books,Cash on Delivery
315,408,227,4,950.8328477638923,2021-01-14 02:00:00,Electronics,Credit Card
316,388,268,4,714.4558841473898,2021-01-14 03:00:00,Home & Kitchen,Debit Card
317,303,483,1,461.9079213625064,2021-01-14 04:00:00,Sports,Cash on Delivery
318,219,98,7,328.4373030293593,2021-01-14 05:00:00,Home & Kitchen,Cash on Delivery
319,435,239,4,196.81831257926473,2021-01-14 06:00:00,Books,Debit Card
320,365,404,7,874.9439427358898,2021-01-14 07:00:00,Electronics,Credit Card
321,260,369,6,725.6603273131233,2021-01-14 08:00:00,Home & Kitchen,Credit Card
322,288,12,2,978.2981244419367,2021-01-14 09:00:00,Clothing,PayPal
323,266,482,4,84.45134693791853,2021-01-14 10:00:00,Electronics,Debit Card
324,395,26,4,321.57681772025643,2021-01-14 11:00:00,Electronics,Cash on Delivery
325,28,98,8,412.3979166226839,2021-01-14 12:00:00,Clothing,Debit Card
326,430,352,9,962.9169280759074,2021-01-14 13:00:00,Electronics,Credit Card
327,200,302,5,594.8787180000495,2021-01-14 14:00:00,Sports,Credit Card
328,424,263,8,683.2829462085302,2021-01-14 15:00:00,Sports,Cash on Delivery
329,62,90,9,278.1537449888156,2021-01-14 16:00:00,Books,Cash on Delivery
330,342,345,5,264.91342346034014,2021-01-14 17:00:00,Books,Credit Card
331,354,494,2,349.3439991053748,2021-01-14 18:00:00,Home & Kitchen,Credit Card
332,45,39,6,93.15697780537575,2021-01-14 19:00:00,Home & Kitchen,PayPal
333,291,52,1,940.1204371703333,2021-01-14 20:00:00,Sports,Credit Card
334,419,17,4,411.1094484735669,2021-01-14 21:00:00,Electronics,PayPal
335,89,408,7,208.49660122713172,2021-01-14 22:00:00,Clothing,Credit Card
336,34,219,4,350.37589501964527,2021-01-14 23:00:00,Sports,Cash on Delivery
337,134,260,1,203.8311473104753,2021-01-15 00:00:00,Books,Credit Card
338,233,347,4,263.2808855527137,2021-01-15 01:00:00,Books,Debit Card
339,256,431,7,760.0200072540597,2021-01-15 02:00:00,Books,Credit Card
340,37,123,6,245.64182477853052,2021-01-15 03:00:00,Clothing,Cash on Delivery
341,257,414,2,701.8549970123595,2021-01-15 04:00:00,Books,Debit Card
342,460,259,8,597.4318642799482,2021-01-15 05:00:00,Books,Cash on Delivery
343,291,134,4,153.63206516730403,2021-01-15 06:00:00,Home & Kitchen,Debit Card
344,198,378,5,766.0715270162967,2021-01-15 07:00:00,Electronics,Credit Card
345,383,456,8,854.3437696881035,2021-01-15 08:00:00,Electronics,Cash on Delivery
346,438,272,1,956.4275835054601,2021-01-15 09:00:00,Clothing,Cash on Delivery
347,255,335,4,959.4093559284403,2021-01-15 10:00:00,Books,PayPal
348,81,420,6,709.3070895146662,2021-01-15 11:00:00,Home & Kitchen,Debit Card
349,447,181,7,298.43109361871814,2021-01-15 12:00:00,Electronics,Credit Card
350,137,360,7,47.53255159534219,2021-01-15 13:00:00,Clothing,Cash on Delivery
351,190,375,8,396.3281148924738,2021-01-15 14:00:00,Home & Kitchen,PayPal
352,130,264,5,735.7953422769924,2021-01-15 15:00:00,Books,Cash on Delivery
353,210,180,8,941.2322268639676,2021-01-15 16:00:00,Clothing,Cash on Delivery
354,369,359,3,122.40495878446772,2021-01-15 17:00:00,Home & Kitchen,Debit Card
355,292,250,1,546.8195208273933,2021-01-15 18:00:00,Electronics,Debit Card
356,377,436,2,480.0259806583021,2021-01-15 19:00:00,Sports,Debit Card
357,348,414,7,55.271021289083194,2021-01-15 20:00:00,Electronics,Debit Card
358,169,184,6,654.170645926511,2021-01-15 21:00:00,Sports,PayPal
359,373,114,5,873.8538957157715,2021-01-15 22:00:00,Clothing,PayPal
360,293,396,9,467.23408057662726,2021-01-15 23:00:00,Home & Kitchen,Credit Card
361,177,452,8,528.033065351154,2021-01-16 00:00:00,Home & Kitchen,Debit Card
362,26,206,9,186.0119703680276,2021-01-16 01:00:00,Home & Kitchen,Debit Card
363,324,379,7,129.9073047680821,2021-01-16 02:00:00,Books,Debit Card
364,360,312,2,617.7093649702018,2021-01-16 03:00:00,Electronics,Debit Card
365,292,89,5,719.2460236121441,2021-01-16 04:00:00,Sports,Debit Card
366,115,253,9,294.6283391530222,2021-01-16 05:00:00,Books,Debit Card
367,287,325,6,504.4560014620751,2021-01-16 06:00:00,Clothing,PayPal
368,30,118,2,958.47879405154,2021-01-16 07:00:00,Clothing,Debit Card
369,242,372,7,42.990307274147085,2021-01-16 08:00:00,Books,Cash on Delivery
370,290,471,3,243.45528230543286,2021-01-16 09:00:00,Sports,Cash on Delivery
371,147,186,8,112.02272113995602,2021-01-16 10:00:00,Clothing,PayPal
372,274,350,6,823.7725082448644,2021-01-16 11:00:00,Electronics,Cash on Delivery
373,222,103,8,992.3210200463787,2021-01-16 12:00:00,Clothing,Credit Card
374,341,396,7,168.13171656769782,2021-01-16 13:00:00,Sports,PayPal
375,3,207,7,754.3818940498934,2021-01-16 14:00:00,Electronics,Credit Card
376,70,83,4,294.5051851391341,2021-01-16 15:00:00,Books,Cash on Delivery
377,358,474,4,335.45720460883075,2021-01-16 16:00:00,Sports,Credit Card
378,397,237,5,930.5496135291712,2021-01-16 17:00:00,Electronics,Cash on Delivery
379,45,4,5,715.3979058307491,2021-01-16 18:00:00,Electronics,PayPal
380,374,166,2,813.9537585515138,2021-01-16 19:00:00,Electronics,PayPal
381,254,392,4,460.2138232152002,2021-01-16 20:00:00,Sports,Debit Card
382,323,286,6,333.9900515270726,2021-01-16 21:00:00,Home & Kitchen,Cash on Delivery
383,112,79,2,146.92367886588033,2021-01-16 22:00:00,Clothing,Debit Card
384,92,268,8,629.1243979572265,2021-01-16 23:00:00,Home & Kitchen,Credit Card
385,342,458,6,683.036722920047,2021-01-17 00:00:00,Clothing,Cash on Delivery
386,424,12,5,931.0934548014116,2021-01-17 01:00:00,Sports,Cash on Delivery
387,40,273,3,133.90239875187248,2021-01-17 02:00:00,Clothing,Credit Card
388,460,61,1,739.689841689847,2021-01-17 03:00:00,Sports,Cash on Delivery
389,151,124,9,551.0746161565744,2021-01-17 04:00:00,Electronics,PayPal
390,415,104,8,462.7568057024111,2021-01-17 05:00:00,Books,Credit Card
391,146,192,2,755.3891961353282,2021-01-17 06:00:00,Home & Kitchen,Debit Card
392,199,188,2,611.2027600808186,2021-01-17 07:00:00,Home & Kitchen,PayPal
393,456,130,2,111.72689925908578,2021-01-17 08:00:00,Sports,Cash on Delivery
394,275,403,8,424.9648342681148,2021-01-17 09:00:00,Clothing,Debit Card
395,349,182,5,995.713491699528,2021-01-17 10:00:00,Clothing,PayPal
396,44,285,9,769.8796718474438,2021-01-17 11:00:00,Books,Cash on Delivery
397,84,449,7,764.9545743954952,2021-01-17 12:00:00,Electronics,Cash on Delivery
398,434,342,2,922.9840742842571,2021-01-17 13:00:00,Clothing,Cash on Delivery
399,298,217,3,732.091613536902,2021-01-17 14:00:00,Clothing,Credit Card
400,94,74,9,849.5048431589462,2021-01-17 15:00:00,Electronics,Credit Card
401,175,393,5,407.07257993042464,2021-01-17 16:00:00,Books,Cash on Delivery
402,406,467,8,406.14321236416265,2021-01-17 17:00:00,Clothing,Cash on Delivery
403,202,396,9,957.4615071705554,2021-01-17 18:00:00,Sports,Debit Card
404,346,477,9,759.9187037340512,2021-01-17 19:00:00,Electronics,Cash on Delivery
405,499,374,4,476.60229839579955,2021-01-17 20:00:00,Clothing,Credit Card
406,481,436,3,494.70066403971833,2021-01-17 21:00:00,Books,Cash on Delivery
407,476,338,6,26.424844934019912,2021-01-17 22:00:00,Home & Kitchen,Cash on Delivery
408,330,440,7,237.4362531022106,2021-01-17 23:00:00,Sports,PayPal
409,29,16,5,476.58916621645074,2021-01-18 00:00:00,Sports,Debit Card
410,492,132,6,300.86075205805855,2021-01-18 01:00:00,Sports,Cash on Delivery
411,210,107,8,981.9979251043158,2021-01-18 02:00:00,Sports,Debit Card
412,106,473,1,124.366998113911,2021-01-18 03:00:00,Home & Kitchen,Credit Card
413,443,214,4,510.50241702120906,2021-01-18 04:00:00,Home & Kitchen,Credit Card
414,385,285,6,19.813473012829764,2021-01-18 05:00:00,Home & Kitchen,PayPal
415,471,315,6,279.79320339426994,2021-01-18 06:00:00,Home & Kitchen,Cash on Delivery
416,64,214,8,232.1865587826658,2021-01-18 07:00:00,Books,Credit Card
417,17,79,9,609.0384319413113,2021-01-18 08:00:00,Clothing,Cash on Delivery
418,107,368,1,888.3467561532092,2021-01-18 09:00:00,Home & Kitchen,Debit Card
419,165,322,3,570.7790622210648,2021-01-18 10:00:00,Home & Kitchen,PayPal
420,95,333,7,647.6615192029519,2021-01-18 11:00:00,Books,Cash on Delivery
421,25,268,6,287.1241482956948,2021-01-18 12:00:00,Electronics,Debit Card
422,117,282,2,315.7778239087978,2021-01-18 13:00:00,Books,Debit Card
423,192,360,6,504.0151903617046,2021-01-18 14:00:00,Electronics,Debit Card
424,196,268,2,572.8740668407415,2021-01-18 15:00:00,Sports,Cash on Delivery
425,308,347,3,550.8656314589423,2021-01-18 16:00:00,Books,Credit Card
426,137,238,4,267.44588310469396,2021-01-18 17:00:00,Sports,Cash on Delivery
427,441,419,1,154.5136565525934,2021-01-18 18:00:00,Electronics,Cash on Delivery
428,348,386,4,374.6886403325181,2021-01-18 19:00:00,Books,Cash on Delivery
429,94,145,1,786.2782866876976,2021-01-18 20:00:00,Electronics,PayPal
430,380,258,2,600.1716895403109,2021-01-18 21:00:00,Electronics,PayPal
431,239,17,3,190.05430940053964,2021-01-18 22:00:00,Sports,Credit Card
432,88,34,3,240.88556257274385,2021-01-18 23:00:00,Electronics,Credit Card
433,161,34,4,905.1503051182835,2021-01-19 00:00:00,Clothing,Credit Card
434,148,173,5,402.22596892123136,2021-01-19 01:00:00,Home & Kitchen,Credit Card
435,73,487,6,855.1638861098767,2021-01-19 02:00:00,Books,Debit Card
436,456,297,9,977.6963864849238,2021-01-19 03:00:00,Sports,Debit Card
437,88,329,6,364.288626258073,2021-01-19 04:00:00,Home & Kitchen,Credit Card
438,14,206,2,22.7885059363349,2021-01-19 05:00:00,Sports,Debit Card
439,315,107,7,730.5108630860958,2021-01-19 06:00:00,Clothing,Cash on Delivery
440,82,84,2,490.5837539812151,2021-01-19 07:00:00,Home & Kitchen,Debit Card
441,121,243,7,888.5475981381489,2021-01-19 08:00:00,Books,Cash on Delivery
442,373,417,2,177.5367994830329,2021-01-19 09:00:00,Electronics,Credit Card
443,440,408,6,250.8150747104937,2021-01-19 10:00:00,Electronics,Debit Card
444,321,325,7,476.9253184104975,2021-01-19 11:00:00,Home & Kitchen,Credit Card
445,204,416,3,144.41803211812874,2021-01-19 12:00:00,Sports,PayPal
446,221,151,3,366.7306584240022,2021-01-19 13:00:00,Books,Cash on Delivery
447,421,65,3,25.408087483630304,2021-01-19 14:00:00,Electronics,PayPal
448,282,230,9,803.762626477456,2021-01-19 15:00:00,Home & Kitchen,Cash on Delivery
449,289,288,7,109.69704076636965,2021-01-19 16:00:00,Home & Kitchen,Credit Card
450,427,80,4,599.8993642097482,2021-01-19 17:00:00,Clothing,Debit Card
451,271,84,5,269.60899989355,2021-01-19 18:00:00,Books,Cash on Delivery
452,471,272,2,39.71482154250339,2021-01-19 19:00:00,Books,Credit Card
453,285,308,7,118.59820135646972,2021-01-19 20:00:00,Sports,Cash on Delivery
454,277,397,7,702.2230161952283,2021-01-19 21:00:00,Sports,PayPal
455,467,174,9,892.1516912112178,2021-01-19 22:00:00,Home & Kitchen,Cash on Delivery
456,325,11,9,64.1309717643548,2021-01-19 23:00:00,Clothing,PayPal
457,23,106,9,288.62227777136195,2021-01-20 00:00:00,Home & Kitchen,Credit Card
458,228,337,6,404.44738901319386,2021-01-20 01:00:00,Sports,Credit Card
459,379,71,3,978.8957953097729,2021-01-20 02:00:00,Electronics,Credit Card
460,84,22,3,448.2412680926266,2021-01-20 03:00:00,Clothing,Debit Card
461,136,223,6,826.6122677632376,2021-01-20 04:00:00,Books,Credit Card
462,457,196,6,288.3086773062652,2021-01-20 05:00:00,Electronics,Credit Card
463,62,337,5,473.4880104521931,2021-01-20 06:00:00,Electronics,Cash on Delivery
464,142,321,2,827.6030239124249,2021-01-20 07:00:00,Books,Debit Card
465,6,130,2,771.0051687969852,2021-01-20 08:00:00,Home & Kitchen,Cash on Delivery
466,257,307,9,246.18036546544116,2021-01-20 09:00:00,Clothing,Debit Card
467,137,353,9,260.19031289783334,2021-01-20 10:00:00,Electronics,Cash on Delivery
468,208,364,4,552.9882552810601,2021-01-20 11:00:00,Home & Kitchen,PayPal
469,464,467,1,938.6348547497045,2021-01-20 12:00:00,Books,PayPal
470,438,339,3,128.7286585962247,2021-01-20 13:00:00,Home & Kitchen,Credit Card
471,140,186,4,774.34136815211,2021-01-20 14:00:00,Electronics,PayPal
472,5,407,7,740.2245393640897,2021-01-20 15:00:00,Clothing,PayPal
473,424,272,5,852.26789076032,2021-01-20 16:00:00,Clothing,Debit Card
474,349,400,8,890.3083640764962,2021-01-20 17:00:00,Books,Cash on Delivery
475,430,29,6,884.5912021426079,2021-01-20 18:00:00,Home & Kitchen,Debit Card
476,283,328,6,901.9067396171749,2021-01-20 19:00:00,Sports,Debit Card
477,75,284,4,980.8977917585985,2021-01-20 20:00:00,Clothing,PayPal
478,309,217,9,339.10524536937413,2021-01-20 21:00:00,Sports,Debit Card
479,495,314,8,929.7212153898569,2021-01-20 22:00:00,Home & Kitchen,Cash on Delivery
480,434,315,2,948.0847083661107,2021-01-20 23:00:00,Home & Kitchen,PayPal
481,220,217,8,651.7004557441879,2021-01-21 00:00:00,Sports,Debit Card
482,308,461,6,667.9448366305697,2021-01-21 01:00:00,Books,PayPal
483,228,270,5,364.9729690996916,2021-01-21 02:00:00,Sports,Debit Card
484,362,403,1,747.8508864998679,2021-01-21 03:00:00,Electronics,PayPal
485,275,79,6,606.5353360798806,2021-01-21 04:00:00,Sports,PayPal
486,374,463,8,788.455787408846,2021-01-21 05:00:00,Sports,Cash on Delivery
487,291,277,9,161.97846969743796,2021-01-21 06:00:00,Books,Cash on Delivery
488,52,72,2,816.4467319019515,2021-01-21 07:00:00,Electronics,Debit Card
489,159,184,7,726.1478023228638,2021-01-21 08:00:00,Home & Kitchen,Debit Card
490,438,301,7,550.4858528884434,2021-01-21 09:00:00,Electronics,Debit Card
491,315,236,1,267.1193488114006,2021-01-21 10:00:00,Sports,Credit Card
492,428,246,3,106.69746292754498,2021-01-21 11:00:00,Home & Kitchen,Credit Card
493,312,92,9,489.9849837375991,2021-01-21 12:00:00,Books,Cash on Delivery
494,275,45,7,153.17534348379317,2021-01-21 13:00:00,Home & Kitchen,Cash on Delivery
495,430,272,7,764.1554354963388,2021-01-21 14:00:00,Books,Debit Card
496,344,88,4,925.3133438435766,2021-01-21 15:00:00,Sports,Debit Card
497,450,460,5,822.1180904895616,2021-01-21 16:00:00,Electronics,Credit Card
498,327,78,5,337.15432037506577,2021-01-21 17:00:00,Electronics,Cash on Delivery
499,491,414,5,154.54430515012658,2021-01-21 18:00:00,Electronics,Debit Card
500,54,96,2,17.834120756702042,2021-01-21 19:00:00,Electronics,Debit Card
501,305,111,5,667.0215505184921,2021-01-21 20:00:00,Electronics,Cash on Delivery
502,95,211,4,195.73595841869368,2021-01-21 21:00:00,Clothing,Cash on Delivery
503,60,133,9,719.3887809231632,2021-01-21 22:00:00,Sports,Credit Card
504,337,29,3,579.6784863547128,2021-01-21 23:00:00,Electronics,PayPal
505,155,194,2,475.31730811683127,2021-01-22 00:00:00,Electronics,Credit Card
506,125,50,8,769.8638492031245,2021-01-22 01:00:00,Books,Cash on Delivery
507,164,434,9,981.2555607109574,2021-01-22 02:00:00,Sports,Cash on Delivery
508,59,344,4,137.30820348166193,2021-01-22 03:00:00,Books,Debit Card
509,434,58,4,555.0135011923394,2021-01-22 04:00:00,Electronics,Debit Card
510,107,209,1,320.0906564620762,2021-01-22 05:00:00,Sports,Cash on Delivery
511,202,42,8,37.675826427149445,2021-01-22 06:00:00,Sports,PayPal
512,301,475,8,39.05280425030262,2021-01-22 07:00:00,Sports,Debit Card
513,270,241,6,581.8457845438829,2021-01-22 08:00:00,Home & Kitchen,Debit Card
514,378,195,4,92.08628877162457,2021-01-22 09:00:00,Clothing,Credit Card
515,327,432,8,53.48897965951158,2021-01-22 10:00:00,Clothing,Credit Card
516,39,274,9,181.14974839143684,2021-01-22 11:00:00,Electronics,Debit Card
517,168,21,6,465.2660333622719,2021-01-22 12:00:00,Clothing,Debit Card
518,137,167,6,505.75998288460903,2021-01-22 13:00:00,Sports,Debit Card
519,14,321,2,916.1138545421458,2021-01-22 14:00:00,Home & Kitchen,Debit Card
520,392,135,8,425.4724924215251,2021-01-22 15:00:00,Clothing,Cash on Delivery
521,209,237,7,116.70102594730196,2021-01-22 16:00:00,Clothing,PayPal
522,23,151,2,238.60676522991957,2021-01-22 17:00:00,Home & Kitchen,Credit Card
523,336,80,9,945.9545993668914,2021-01-22 18:00:00,Books,Credit Card
524,474,75,2,599.2005178051757,2021-01-22 19:00:00,Electronics,Debit Card
525,265,163,3,361.7891899914828,2021-01-22 20:00:00,Sports,Debit Card
526,228,169,1,893.7844027404843,2021-01-22 21:00:00,Home & Kitchen,Cash on Delivery
527,263,167,3,307.56846407680183,2021-01-22 22:00:00,Books,Debit Card
528,210,150,5,882.2837531026669,2021-01-22 23:00:00,Electronics,Credit Card
529,456,291,5,129.92239530128143,2021-01-23 00:00:00,Books,Debit Card
530,469,374,9,938.8470636571686,2021-01-23 01:00:00,Electronics,Cash on Delivery
531,474,161,5,938.3094938617007,2021-01-23 02:00:00,Clothing,Debit Card
532,451,427,8,351.81715067711286,2021-01-23 03:00:00,Home & Kitchen,PayPal
533,61,384,6,27.373272605893515,2021-01-23 04:00:00,Electronics,Cash on Delivery
534,401,301,3,359.5110198829718,2021-01-23 05:00:00,Home & Kitchen,Credit Card
535,57,100,4,189.0029050823486,2021-01-23 06:00:00,Home & Kitchen,PayPal
536,371,298,1,273.4064304292961,2021-01-23 07:00:00,Books,Cash on Delivery
537,238,250,8,629.4260484964515,2021-01-23 08:00:00,Sports,Debit Card
538,152,360,7,448.66720378847145,2021-01-23 09:00:00,Books,PayPal
539,281,412,9,738.9495651981746,2021-01-23 10:00:00,Books,PayPal
540,5,252,2,640.6666680840758,2021-01-23 11:00:00,Sports,Credit Card
541,101,305,8,307.5516334745594,2021-01-23 12:00:00,Sports,PayPal
542,493,384,7,330.63777314674104,2021-01-23 13:00:00,Books,Debit Card
543,306,139,9,800.1649425849303,2021-01-23 14:00:00,Home & Kitchen,Cash on Delivery
544,344,325,5,536.8414177401303,2021-01-23 15:00:00,Clothing,Debit Card
545,31,274,4,136.10678687143638,2021-01-23 16:00:00,Sports,Cash on Delivery
546,55,260,6,590.8558858616516,2021-01-23 17:00:00,Clothing,Debit Card
547,154,102,3,146.59914935371307,2021-01-23 18:00:00,Home & Kitchen,Debit Card
548,277,95,1,870.0210834608623,2021-01-23 19:00:00,Sports,Credit Card
549,354,472,2,137.97749298206514,2021-01-23 20:00:00,Electronics,Debit Card
550,358,286,5,672.7140386924582,2021-01-23 21:00:00,Electronics,Credit Card
551,186,103,1,897.8422679475676,2021-01-23 22:00:00,Books,Cash on Delivery
552,408,124,6,107.14229019641131,2021-01-23 23:00:00,Clothing,Cash on Delivery
553,412,159,9,534.92985811595,2021-01-24 00:00:00,Electronics,Credit Card
554,30,204,4,958.5099649483125,2021-01-24 01:00:00,Books,Credit Card
555,418,451,2,285.1633510238388,2021-01-24 02:00:00,Books,Debit Card
556,372,478,6,288.25726054822144,2021-01-24 03:00:00,Books,Cash on Delivery
557,310,317,1,475.3518761615566,2021-01-24 04:00:00,Home & Kitchen,Credit Card
558,120,136,9,948.2262607880264,2021-01-24 05:00:00,Clothing,Cash on Delivery
559,436,180,2,803.0035552368622,2021-01-24 06:00:00,Sports,PayPal
560,343,245,7,278.4737761841935,2021-01-24 07:00:00,Books,PayPal
561,8,74,8,239.26950278564465,2021-01-24 08:00:00,Sports,Cash on Delivery
562,106,472,2,206.63058258360297,2021-01-24 09:00:00,Electronics,Debit Card
563,498,449,5,435.4282446216771,2021-01-24 10:00:00,Home & Kitchen,PayPal
564,138,497,9,809.8266213238727,2021-01-24 11:00:00,Sports,PayPal
565,183,402,7,160.77918390894808,2021-01-24 12:00:00,Books,PayPal
566,385,169,8,620.8890824712081,2021-01-24 13:00:00,Home & Kitchen,PayPal
567,340,244,6,477.56748242666316,2021-01-24 14:00:00,Books,Credit Card
568,377,22,8,649.8576017883555,2021-01-24 15:00:00,Home & Kitchen,PayPal
569,421,95,9,409.4503461955924,2021-01-24 16:00:00,Sports,Cash on Delivery
570,210,411,6,762.2239890762075,2021-01-24 17:00:00,Sports,Debit Card
571,149,144,2,327.7974520882305,2021-01-24 18:00:00,Electronics,Debit Card
572,374,241,5,724.9457193629684,2021-01-24 19:00:00,Clothing,PayPal
573,497,274,8,960.0617965343658,2021-01-24 20:00:00,Books,PayPal
574,260,267,9,583.4493338733563,2021-01-24 21:00:00,Books,PayPal
575,127,146,8,638.215061196562,2021-01-24 22:00:00,Electronics,Cash on Delivery
576,299,132,8,529.5531877609938,2021-01-24 23:00:00,Home & Kitchen,PayPal
577,66,488,1,491.0908732053221,2021-01-25 00:00:00,Home & Kitchen,PayPal
578,21,74,7,176.86135132823304,2021-01-25 01:00:00,Sports,Credit Card
579,293,286,4,690.6734679878076,2021-01-25 02:00:00,Sports,Debit Card
580,325,196,8,610.1101451743621,2021-01-25 03:00:00,Books,Debit Card
581,465,456,3,557.3569028770116,2021-01-25 04:00:00,Clothing,Credit Card
582,113,465,7,313.36270890987134,2021-01-25 05:00:00,Books,Cash on Delivery
583,432,227,4,400.54649398939273,2021-01-25 06:00:00,Home & Kitchen,Cash on Delivery
584,139,133,6,438.86191728701044,2021-01-25 07:00:00,Clothing,Credit Card
585,238,446,9,660.910245333252,2021-01-25 08:00:00,Clothing,Cash on Delivery
586,361,347,6,728.6346904909732,2021-01-25 09:00:00,Electronics,Credit Card
587,479,101,1,319.82392253902697,2021-01-25 10:00:00,Sports,Debit Card
588,348,135,7,618.589131571257,2021-01-25 11:00:00,Clothing,Cash on Delivery
589,44,33,2,376.67052600469316,2021-01-25 12:00:00,Books,Cash on Delivery
590,64,82,5,490.3595563224751,2021-01-25 13:00:00,Home & Kitchen,Debit Card
591,416,120,8,91.09832517473754,2021-01-25 14:00:00,Sports,PayPal
592,405,375,6,582.8908481185567,2021-01-25 15:00:00,Books,Cash on Delivery
593,455,246,3,897.4776980359733,2021-01-25 16:00:00,Home & Kitchen,Credit Card
594,266,294,7,953.8712930383148,2021-01-25 17:00:00,Books,Debit Card
595,445,120,5,341.2887798586425,2021-01-25 18:00:00,Books,Debit Card
596,92,284,8,178.4248396247754,2021-01-25 19:00:00,Sports,PayPal
597,112,52,4,976.8741899720787,2021-01-25 20:00:00,Home & Kitchen,Cash on Delivery
598,420,79,7,798.7379519267574,2021-01-25 21:00:00,Books,PayPal
599,340,444,8,300.2446876605922,2021-01-25 22:00:00,Clothing,Debit Card
600,333,87,1,14.445143533276388,2021-01-25 23:00:00,Sports,Credit Card
601,275,96,7,271.56222158193106,2021-01-26 00:00:00,Electronics,Cash on Delivery
602,370,9,5,955.3958142455373,2021-01-26 01:00:00,Clothing,Cash on Delivery
603,331,313,3,479.5241250611815,2021-01-26 02:00:00,Home & Kitchen,PayPal
604,227,286,4,301.3708737388757,2021-01-26 03:00:00,Clothing,Debit Card
605,226,157,3,348.9687886981437,2021-01-26 04:00:00,Books,PayPal
606,428,480,1,236.90486661972426,2021-01-26 05:00:00,Electronics,Credit Card
607,132,419,6,569.6513617523808,2021-01-26 06:00:00,Sports,Debit Card
608,397,187,9,224.99539349091955,2021-01-26 07:00:00,Electronics,Cash on Delivery
609,229,384,2,698.9326371873382,2021-01-26 08:00:00,Clothing,Credit Card
610,315,383,1,478.03548167467204,2021-01-26 09:00:00,Electronics,PayPal
611,386,466,6,167.41970933530166,2021-01-26 10:00:00,Home & Kitchen,Credit Card
612,370,477,3,988.5222781640224,2021-01-26 11:00:00,Books,Credit Card
613,129,112,2,403.7524654885441,2021-01-26 12:00:00,Books,PayPal
614,296,145,4,395.5452708321305,2021-01-26 13:00:00,Home & Kitchen,Credit Card
615,25,457,1,448.4249143742533,2021-01-26 14:00:00,Books,Debit Card
616,187,60,7,225.39538681701137,2021-01-26 15:00:00,Sports,Cash on Delivery
617,293,248,1,963.1990354424847,2021-01-26 16:00:00,Books,PayPal
618,356,493,8,430.2540645869638,2021-01-26 17:00:00,Books,Credit Card
619,326,8,4,590.3017597899665,2021-01-26 18:00:00,Clothing,Credit Card
620,135,397,9,345.8286102027778,2021-01-26 19:00:00,Electronics,PayPal
621,4,289,5,485.7521166214828,2021-01-26 20:00:00,Books,Credit Card
622,227,213,5,905.0495175993296,2021-01-26 21:00:00,Clothing,Debit Card
623,378,236,6,175.93738118028918,2021-01-26 22:00:00,Home & Kitchen,Cash on Delivery
624,169,76,2,795.4675711431008,2021-01-26 23:00:00,Sports,PayPal
625,445,222,7,467.5150417298568,2021-01-27 00:00:00,Home & Kitchen,Cash on Delivery
626,418,41,9,264.3717733191005,2021-01-27 01:00:00,Sports,Debit Card
627,285,1,7,689.6050623350437,2021-01-27 02:00:00,Clothing,Debit Card
628,325,213,2,251.88924927886714,2021-01-27 03:00:00,Home & Kitchen,Cash on Delivery
629,27,110,5,161.84070312130834,2021-01-27 04:00:00,Clothing,Debit Card
630,225,93,5,336.8545864613826,2021-01-27 05:00:00,Sports,PayPal
631,249,206,9,299.9541008114627,2021-01-27 06:00:00,Books,PayPal
632,366,166,7,733.0660660702521,2021-01-27 07:00:00,Clothing,Debit Card
633,436,432,3,768.3446949222737,2021-01-27 08:00:00,Electronics,PayPal
634,202,62,4,114.77350440620117,2021-01-27 09:00:00,Books,Debit Card
635,438,104,9,770.2013529671957,2021-01-27 10:00:00,Books,Debit Card
636,198,435,1,264.00271173185416,2021-01-27 11:00:00,Electronics,Credit Card
637,418,69,6,234.2906468841283,2021-01-27 12:00:00,Home & Kitchen,Cash on Delivery
638,136,495,9,708.6948401080788,2021-01-27 13:00:00,Electronics,Cash on Delivery
639,126,461,8,875.0147860914386,2021-01-27 14:00:00,Books,Debit Card
640,95,186,6,611.1691337924956,2021-01-27 15:00:00,Home & Kitchen,PayPal
641,73,376,7,939.7392000157951,2021-01-27 16:00:00,Home & Kitchen,Debit Card
642,247,486,6,668.7721666609024,2021-01-27 17:00:00,Sports,Debit Card
643,341,497,8,856.0990125950023,2021-01-27 18:00:00,Electronics,Credit Card
644,136,133,5,525.4159682464889,2021-01-27 19:00:00,Books,Cash on Delivery
645,196,106,3,886.8634152895439,2021-01-27 20:00:00,Clothing,Debit Card
646,214,37,7,123.9964685251203,2021-01-27 21:00:00,Sports,Debit Card
647,476,337,7,392.53703041782325,2021-01-27 22:00:00,Clothing,Credit Card
648,109,467,9,296.5163639422035,2021-01-27 23:00:00,Home & Kitchen,Credit Card
649,324,166,2,157.7434886046566,2021-01-28 00:00:00,Books,Cash on Delivery
650,103,223,1,157.91978058804278,2021-01-28 01:00:00,Books,PayPal
651,341,374,6,448.4356518155486,2021-01-28 02:00:00,Electronics,Cash on Delivery
652,328,495,1,448.0111781638736,2021-01-28 03:00:00,Books,Debit Card
653,84,292,2,911.604628863597,2021-01-28 04:00:00,Books,Debit Card
654,224,433,5,941.6793893519692,2021-01-28 05:00:00,Electronics,Credit Card
655,257,129,2,28.88583059459415,2021-01-28 06:00:00,Electronics,PayPal
656,134,50,1,266.54337759469195,2021-01-28 07:00:00,Books,Debit Card
657,348,186,4,18.36167779095817,2021-01-28 08:00:00,Books,Cash on Delivery
658,108,266,4,882.5984990289189,2021-01-28 09:00:00,Sports,Cash on Delivery
659,415,51,1,536.7890959909267,2021-01-28 10:00:00,Clothing,Debit Card
660,458,226,9,169.52321492929428,2021-01-28 11:00:00,Sports,Credit Card
661,468,177,3,832.1683709714925,2021-01-28 12:00:00,Sports,Credit Card
662,8,498,6,81.02391299192502,2021-01-28 13:00:00,Home & Kitchen,Credit Card
663,150,13,5,855.0885761801374,2021-01-28 14:00:00,Books,Debit Card
664,486,199,3,25.99722799143249,2021-01-28 15:00:00,Sports,Debit Card
665,477,125,5,460.34144993111397,2021-01-28 16:00:00,Books,PayPal
666,393,421,3,360.4271553304933,2021-01-28 17:00:00,Sports,Credit Card
667,172,100,1,652.5086766302186,2021-01-28 18:00:00,Home & Kitchen,Credit Card
668,47,359,2,554.7138573009953,2021-01-28 19:00:00,Books,Cash on Delivery
669,1,37,6,360.26816847196517,2021-01-28 20:00:00,Clothing,Credit Card
670,361,287,6,986.1980633749855,2021-01-28 21:00:00,Home & Kitchen,Debit Card
671,180,115,9,435.0503575577339,2021-01-28 22:00:00,Electronics,PayPal
672,39,148,1,489.84900052925127,2021-01-28 23:00:00,Clothing,PayPal
673,90,423,1,632.52235447563,2021-01-29 00:00:00,Sports,Credit Card
674,75,429,6,108.16904541426567,2021-01-29 01:00:00,Books,Debit Card
675,227,36,8,882.6062592573782,2021-01-29 02:00:00,Books,Credit Card
676,124,271,4,570.3425937325335,2021-01-29 03:00:00,Clothing,Credit Card
677,344,30,7,678.9323205066406,2021-01-29 04:00:00,Electronics,PayPal
678,97,436,1,923.413255045565,2021-01-29 05:00:00,Books,PayPal
679,340,61,3,645.9175956687969,2021-01-29 06:00:00,Electronics,Debit Card
680,283,338,1,81.01716956830451,2021-01-29 07:00:00,Electronics,Cash on Delivery
681,207,324,6,92.74275132386876,2021-01-29 08:00:00,Home & Kitchen,Cash on Delivery
682,33,286,2,572.5489536347623,2021-01-29 09:00:00,Clothing,Credit Card
683,116,156,8,125.49856437533823,2021-01-29 10:00:00,Clothing,Credit Card
684,455,132,4,52.45563716397806,2021-01-29 11:00:00,Clothing,Debit Card
685,354,34,3,389.8253674562877,2021-01-29 12:00:00,Sports,Credit Card
686,429,246,4,978.3312974451496,2021-01-29 13:00:00,Clothing,Debit Card
687,316,436,3,554.2131463835332,2021-01-29 14:00:00,Books,Cash on Delivery
688,314,375,4,885.9637746817624,2021-01-29 15:00:00,Books,Debit Card
689,179,412,8,458.3270238389818,2021-01-29 16:00:00,Clothing,Debit Card
690,174,229,8,931.34890248683,2021-01-29 17:00:00,Books,PayPal
691,234,57,2,39.615399228785265,2021-01-29 18:00:00,Home & Kitchen,Credit Card
692,133,278,5,722.2556099253677,2021-01-29 19:00:00,Sports,Cash on Delivery
693,442,168,7,955.8043095196028,2021-01-29 20:00:00,Sports,PayPal
694,94,235,8,474.8710647882577,2021-01-29 21:00:00,Electronics,Cash on Delivery
695,348,331,1,261.3164965472573,2021-01-29 22:00:00,Electronics,PayPal
696,402,30,1,654.9891801129464,2021-01-29 23:00:00,Sports,Debit Card
697,420,242,7,388.1543420409731,2021-01-30 00:00:00,Clothing,Debit Card
698,195,414,5,345.1568473480203,2021-01-30 01:00:00,Clothing,Credit Card
699,405,446,5,363.81398899877996,2021-01-30 02:00:00,Home & Kitchen,Cash on Delivery
700,430,59,6,417.5527271285977,2021-01-30 03:00:00,Sports,Debit Card
701,186,281,2,456.38624718215954,2021-01-30 04:00:00,Books,Cash on Delivery
702,464,115,3,175.03762036591056,2021-01-30 05:00:00,Books,Credit Card
703,376,273,7,679.5110209293824,2021-01-30 06:00:00,Electronics,Credit Card
704,165,449,9,841.7961096556164,2021-01-30 07:00:00,Sports,Credit Card
705,362,357,3,736.9491573515609,2021-01-30 08:00:00,Electronics,Credit Card
706,191,483,6,425.38941631606707,2021-01-30 09:00:00,Home & Kitchen,Credit Card
707,5,124,6,174.47501122647375,2021-01-30 10:00:00,Electronics,Cash on Delivery
708,498,14,9,714.7010203704186,2021-01-30 11:00:00,Home & Kitchen,Debit Card
709,499,258,6,62.13262115835333,2021-01-30 12:00:00,Sports,PayPal
710,206,252,2,506.92690949960325,2021-01-30 13:00:00,Home & Kitchen,Credit Card
711,415,259,5,950.2980742466904,2021-01-30 14:00:00,Electronics,PayPal
712,366,323,7,357.9806006281171,2021-01-30 15:00:00,Sports,Credit Card
713,344,148,9,736.3372453671851,2021-01-30 16:00:00,Electronics,PayPal
714,227,251,1,935.3595146855671,2021-01-30 17:00:00,Books,PayPal
715,420,461,6,125.00904669356206,2021-01-30 18:00:00,Clothing,Credit Card
716,74,159,7,613.0593088770203,2021-01-30 19:00:00,Home & Kitchen,Debit Card
717,219,40,1,567.5173820064024,2021-01-30 20:00:00,Home & Kitchen,Cash on Delivery
718,440,470,7,498.64698153335706,2021-01-30 21:00:00,Clothing,Debit Card
719,27,78,1,515.9433606151335,2021-01-30 22:00:00,Home & Kitchen,Debit Card
720,375,434,7,404.799733525696,2021-01-30 23:00:00,Home & Kitchen,Cash on Delivery
721,23,283,8,144.33591977739763,2021-01-31 00:00:00,Books,Debit Card
722,461,372,2,218.01962018998756,2021-01-31 01:00:00,Sports,Cash on Delivery
723,208,141,2,65.80782126148345,2021-01-31 02:00:00,Home & Kitchen,PayPal
724,355,242,6,832.7932191513933,2021-01-31 03:00:00,Books,Credit Card
725,91,449,1,25.053258311048335,2021-01-31 04:00:00,Home & Kitchen,Credit Card
726,52,258,7,234.91372458665387,2021-01-31 05:00:00,Sports,Cash on Delivery
727,487,421,5,844.0356098088818,2021-01-31 06:00:00,Books,Debit Card
728,303,267,5,916.8631359371354,2021-01-31 07:00:00,Home & Kitchen,Cash on Delivery
729,209,363,5,330.2432977073786,2021-01-31 08:00:00,Books,Credit Card
730,62,289,8,685.9277975997281,2021-01-31 09:00:00,Clothing,Credit Card
731,445,285,3,36.22832939241964,2021-01-31 10:00:00,Home & Kitchen,Credit Card
732,304,187,2,939.2846763447341,2021-01-31 11:00:00,Electronics,PayPal
733,105,195,5,219.63883387351336,2021-01-31 12:00:00,Sports,Credit Card
734,129,221,9,158.5904275491748,2021-01-31 13:00:00,Home & Kitchen,Cash on Delivery
735,395,66,5,100.8187844260313,2021-01-31 14:00:00,Home & Kitchen,Credit Card
736,460,206,5,672.1920648699935,2021-01-31 15:00:00,Electronics,Debit Card
737,398,340,8,338.9149425061852,2021-01-31 16:00:00,Books,PayPal
738,328,48,1,531.6247366444647,2021-01-31 17:00:00,Sports,Cash on Delivery
739,95,82,8,982.9158497029525,2021-01-31 18:00:00,Electronics,PayPal
740,7,421,9,133.8329290820309,2021-01-31 19:00:00,Sports,Credit Card
741,174,200,6,573.5735786293959,2021-01-31 20:00:00,Home & Kitchen,Cash on Delivery
742,246,310,3,298.4673916170701,2021-01-31 21:00:00,Sports,Cash on Delivery
743,415,199,7,565.0141910420965,2021-01-31 22:00:00,Books,Credit Card
744,16,138,6,871.0200354908017,2021-01-31 23:00:00,Clothing,PayPal
745,170,16,7,676.6653918811475,2021-02-01 00:00:00,Sports,Credit Card
746,167,275,6,941.5609935700528,2021-02-01 01:00:00,Clothing,Credit Card
747,310,158,4,745.8791758098062,2021-02-01 02:00:00,Books,Debit Card
748,428,182,4,515.1841474165383,2021-02-01 03:00:00,Electronics,PayPal
749,83,445,1,147.33975449551133,2021-02-01 04:00:00,Sports,Debit Card
750,392,43,4,112.72274443936344,2021-02-01 05:00:00,Sports,Debit Card
751,221,467,5,326.41889506981,2021-02-01 06:00:00,Sports,Debit Card
752,322,131,2,362.1287032739583,2021-02-01 07:00:00,Sports,PayPal
753,170,286,1,822.5178886674418,2021-02-01 08:00:00,Clothing,Cash on Delivery
754,323,402,4,508.5617680868197,2021-02-01 09:00:00,Books,Credit Card
755,115,36,4,525.6160293842348,2021-02-01 10:00:00,Clothing,Debit Card
756,349,377,5,997.2078125718327,2021-02-01 11:00:00,Home & Kitchen,Credit Card
757,335,276,7,637.6163329078231,2021-02-01 12:00:00,Home & Kitchen,Debit Card
758,230,401,6,587.3104875200229,2021-02-01 13:00:00,Electronics,Credit Card
759,220,24,8,829.984267704011,2021-02-01 14:00:00,Electronics,Debit Card
760,247,141,2,160.53203896270563,2021-02-01 15:00:00,Sports,Credit Card
761,101,356,6,862.2214962155842,2021-02-01 16:00:00,Home & Kitchen,Cash on Delivery
762,416,366,8,273.05145447438707,2021-02-01 17:00:00,Clothing,Credit Card
763,222,185,7,298.77794419127497,2021-02-01 18:00:00,Books,Cash on Delivery
764,179,195,7,680.379382639672,2021-02-01 19:00:00,Home & Kitchen,Debit Card
765,175,277,7,129.94984232092602,2021-02-01 20:00:00,Home & Kitchen,Cash on Delivery
766,94,132,2,187.63863327345632,2021-02-01 21:00:00,Clothing,Credit Card
767,115,82,9,970.4067909935625,2021-02-01 22:00:00,Home & Kitchen,Cash on Delivery
768,162,429,5,630.5584199666824,2021-02-01 23:00:00,Clothing,Debit Card
769,269,39,3,261.4321786776653,2021-02-02 00:00:00,Clothing,Debit Card
770,225,43,1,900.7492705952476,2021-02-02 01:00:00,Clothing,PayPal
771,234,459,3,356.0621980096345,2021-02-02 02:00:00,Clothing,Debit Card
772,337,38,9,163.17608574600405,2021-02-02 03:00:00,Home & Kitchen,Credit Card
773,67,363,4,980.5188136967937,2021-02-02 04:00:00,Home & Kitchen,Credit Card
774,457,41,8,124.69083352588618,2021-02-02 05:00:00,Books,PayPal
775,126,368,3,577.2657994419782,2021-02-02 06:00:00,Electronics,PayPal
776,139,284,2,752.5738647099017,2021-02-02 07:00:00,Books,Debit Card
777,113,133,5,932.0786641031981,2021-02-02 08:00:00,Clothing,Credit Card
778,219,436,5,118.93069004757258,2021-02-02 09:00:00,Sports,PayPal
779,156,407,5,532.5271765866817,2021-02-02 10:00:00,Books,Credit Card
780,185,166,3,141.19215856722948,2021-02-02 11:00:00,Sports,PayPal
781,121,292,5,774.326876024162,2021-02-02 12:00:00,Sports,Credit Card
782,322,31,9,212.24946957409506,2021-02-02 13:00:00,Home & Kitchen,Credit Card
783,449,264,8,234.438210086152,2021-02-02 14:00:00,Clothing,PayPal
784,198,473,9,998.459603992888,2021-02-02 15:00:00,Electronics,Credit Card
785,345,89,6,846.7385312912194,2021-02-02 16:00:00,Electronics,Debit Card
786,291,240,2,654.0325976617627,2021-02-02 17:00:00,Electronics,Debit Card
787,464,400,9,644.1126387081503,2021-02-02 18:00:00,Electronics,Credit Card
788,4,395,9,602.0854414041344,2021-02-02 19:00:00,Electronics,Debit Card
789,189,148,7,952.5847061723593,2021-02-02 20:00:00,Sports,Cash on Delivery
790,239,334,1,860.162411537278,2021-02-02 21:00:00,Sports,Credit Card
791,166,488,1,614.6147272949136,2021-02-02 22:00:00,Sports,Cash on Delivery
792,172,313,3,145.26267409492309,2021-02-02 23:00:00,Clothing,Cash on Delivery
793,212,486,4,375.07323877549817,2021-02-03 00:00:00,Books,Debit Card
794,345,488,3,961.9387673977359,2021-02-03 01:00:00,Home & Kitchen,Cash on Delivery
795,71,403,2,130.32285030838466,2021-02-03 02:00:00,Sports,PayPal
796,149,456,6,108.17181690857159,2021-02-03 03:00:00,Clothing,Credit Card
797,391,61,7,40.65281002142871,2021-02-03 04:00:00,Clothing,Credit Card
798,285,25,2,626.2600255179935,2021-02-03 05:00:00,Home & Kitchen,Cash on Delivery
799,116,161,9,322.03873810487,2021-02-03 06:00:00,Electronics,Debit Card
800,391,365,8,903.6991226450186,2021-02-03 07:00:00,Clothing,Cash on Delivery
801,323,296,8,971.4431970330247,2021-02-03 08:00:00,Books,Cash on Delivery
802,93,373,4,272.0095153599013,2021-02-03 09:00:00,Books,PayPal
803,477,105,5,867.7885616965339,2021-02-03 10:00:00,Books,Cash on Delivery
804,103,383,7,371.0327961201426,2021-02-03 11:00:00,Clothing,Cash on Delivery
805,358,368,7,261.07130527435623,2021-02-03 12:00:00,Clothing,Credit Card
806,380,117,5,600.9189256349591,2021-02-03 13:00:00,Clothing,PayPal
807,198,485,2,913.5439147368442,2021-02-03 14:00:00,Clothing,Credit Card
808,110,491,3,143.7589962615376,2021-02-03 15:00:00,Books,Debit Card
809,330,17,1,258.23440911082173,2021-02-03 16:00:00,Home & Kitchen,Debit Card
810,101,437,1,46.674140921994486,2021-02-03 17:00:00,Home & Kitchen,Cash on Delivery
811,183,219,8,309.20579164179804,2021-02-03 18:00:00,Clothing,PayPal
812,334,489,7,715.0862308847504,2021-02-03 19:00:00,Books,Cash on Delivery
813,406,209,3,111.7069569656699,2021-02-03 20:00:00,Home & Kitchen,Cash on Delivery
814,160,303,9,306.1748290165351,2021-02-03 21:00:00,Books,Debit Card
815,82,225,9,557.4356714299782,2021-02-03 22:00:00,Clothing,PayPal
816,36,95,3,793.2173204737426,2021-02-03 23:00:00,Clothing,Debit Card
817,238,341,2,989.3132209326654,2021-02-04 00:00:00,Sports,Cash on Delivery
818,244,280,3,431.9115214273966,2021-02-04 01:00:00,Clothing,PayPal
819,251,144,8,526.5642450412331,2021-02-04 02:00:00,Books,Cash on Delivery
820,393,173,7,874.1923232092252,2021-02-04 03:00:00,Clothing,Cash on Delivery
821,255,84,7,473.8935548028296,2021-02-04 04:00:00,Electronics,Debit Card
822,282,120,3,221.72207732757616,2021-02-04 05:00:00,Sports,PayPal
823,22,56,2,890.5755812121846,2021-02-04 06:00:00,Clothing,Debit Card
824,430,355,6,732.0661253293949,2021-02-04 07:00:00,Clothing,PayPal
825,230,412,7,383.1730171462919,2021-02-04 08:00:00,Sports,Cash on Delivery
826,471,302,4,492.7488100241369,2021-02-04 09:00:00,Electronics,Cash on Delivery
827,401,483,5,209.81975207708157,2021-02-04 10:00:00,Sports,Credit Card
828,154,338,3,54.99118594820767,2021-02-04 11:00:00,Books,PayPal
829,495,216,2,330.05762236603357,2021-02-04 12:00:00,Books,Cash on Delivery
830,120,412,7,637.7433035719276,2021-02-04 13:00:00,Electronics,Debit Card
831,166,78,1,289.89304071179447,2021-02-04 14:00:00,Clothing,Debit Card
832,384,433,3,985.4123075440361,2021-02-04 15:00:00,Sports,Credit Card
833,386,472,7,110.30498941790245,2021-02-04 16:00:00,Home & Kitchen,Debit Card
834,390,351,4,648.5959330156355,2021-02-04 17:00:00,Electronics,Credit Card
835,199,390,8,550.7369778213725,2021-02-04 18:00:00,Sports,PayPal
836,397,378,6,13.169384524126338,2021-02-04 19:00:00,Sports,Debit Card
837,347,232,3,841.9808249599059,2021-02-04 20:00:00,Electronics,Credit Card
838,75,226,7,413.39379806072526,2021-02-04 21:00:00,Home & Kitchen,Cash on Delivery
839,439,370,7,519.0918373647368,2021-02-04 22:00:00,Books,Credit Card
840,79,483,2,728.1147703533281,2021-02-04 23:00:00,Books,Debit Card
841,319,285,1,726.1398845062644,2021-02-05 00:00:00,Clothing,Credit Card
842,73,245,2,799.2886571872203,2021-02-05 01:00:00,Clothing,Credit Card
843,200,66,4,123.19758798264976,2021-02-05 02:00:00,Books,PayPal
844,302,69,4,965.7296380701324,2021-02-05 03:00:00,Home & Kitchen,PayPal
845,134,214,2,871.4847185806149,2021-02-05 04:00:00,Electronics,PayPal
846,48,457,4,886.2806367224421,2021-02-05 05:00:00,Sports,Credit Card
847,188,253,5,654.6244951530915,2021-02-05 06:00:00,Clothing,Debit Card
848,171,371,4,296.47902941050046,2021-02-05 07:00:00,Books,PayPal
849,452,418,6,707.0136153261161,2021-02-05 08:00:00,Sports,Debit Card
850,139,375,7,775.5086230963178,2021-02-05 09:00:00,Electronics,PayPal
851,243,484,9,236.9537248607752,2021-02-05 10:00:00,Electronics,Credit Card
852,314,49,6,856.7384315575721,2021-02-05 11:00:00,Clothing,PayPal
853,476,100,6,495.7123150584502,2021-02-05 12:00:00,Clothing,Debit Card
854,346,474,9,240.49604949395547,2021-02-05 13:00:00,Home & Kitchen,Credit Card
855,388,70,5,966.7500572039677,2021-02-05 14:00:00,Electronics,Cash on Delivery
856,126,450,6,923.366291747168,2021-02-05 15:00:00,Books,Cash on Delivery
857,207,100,1,719.3720454900673,2021-02-05 16:00:00,Electronics,Debit Card
858,339,72,4,545.0115858170324,2021-02-05 17:00:00,Electronics,Credit Card
859,198,2,2,373.42474137866475,2021-02-05 18:00:00,Home & Kitchen,Debit Card
860,187,130,7,883.4487081715964,2021-02-05 19:00:00,Electronics,PayPal
861,389,200,9,775.7437179561563,2021-02-05 20:00:00,Books,Credit Card
862,18,154,7,769.562798697215,2021-02-05 21:00:00,Home & Kitchen,Debit Card
863,198,101,4,511.77036206111745,2021-02-05 22:00:00,Electronics,Credit Card
864,448,78,5,50.54143677957837,2021-02-05 23:00:00,Clothing,Debit Card
865,351,109,6,562.618936771383,2021-02-06 00:00:00,Sports,Debit Card
866,153,179,9,849.4624593316569,2021-02-06 01:00:00,Electronics,Credit Card
867,132,412,3,512.1825709757989,2021-02-06 02:00:00,Books,Cash on Delivery
868,326,97,4,744.4876550953439,2021-02-06 03:00:00,Books,PayPal
869,425,44,3,478.0311542443441,2021-02-06 04:00:00,Clothing,Cash on Delivery
870,165,276,2,564.1174258340924,2021-02-06 05:00:00,Electronics,Credit Card
871,59,355,2,55.67814240201328,2021-02-06 06:00:00,Electronics,PayPal
872,178,302,9,317.2763001915028,2021-02-06 07:00:00,Electronics,Debit Card
873,440,101,7,899.2039558082068,2021-02-06 08:00:00,Books,Cash on Delivery
874,153,337,4,315.66393672489266,2021-02-06 09:00:00,Home & Kitchen,Credit Card
875,162,113,3,459.02606296046855,2021-02-06 10:00:00,Home & Kitchen,Cash on Delivery
876,403,235,3,573.9802877091462,2021-02-06 11:00:00,Clothing,Credit Card
877,354,378,5,767.8085627942183,2021-02-06 12:00:00,Books,PayPal
878,463,428,8,255.65038803585531,2021-02-06 13:00:00,Sports,Cash on Delivery
879,242,452,3,81.95110058686313,2021-02-06 14:00:00,Clothing,PayPal
880,136,9,5,861.1422589137915,2021-02-06 15:00:00,Home & Kitchen,Credit Card
881,438,212,5,717.0444309201202,2021-02-06 16:00:00,Sports,Credit Card
882,236,431,2,773.6672466199201,2021-02-06 17:00:00,Clothing,Debit Card
883,47,65,6,179.11129831226128,2021-02-06 18:00:00,Clothing,Credit Card
884,497,373,4,477.7195555995926,2021-02-06 19:00:00,Books,Cash on Delivery
885,128,405,8,461.3982619840713,2021-02-06 20:00:00,Electronics,Credit Card
886,418,97,5,508.3391807028977,2021-02-06 21:00:00,Home & Kitchen,Credit Card
887,338,483,3,919.1098772728982,2021-02-06 22:00:00,Home & Kitchen,Debit Card
888,158,364,1,991.7708994831659,2021-02-06 23:00:00,Electronics,PayPal
889,13,390,3,41.32930313625317,2021-02-07 00:00:00,Sports,Credit Card
890,119,342,3,192.49029647337878,2021-02-07 01:00:00,Sports,Credit Card
891,303,281,7,842.1516192197912,2021-02-07 02:00:00,Sports,Debit Card
892,375,3,9,96.69605780160951,2021-02-07 03:00:00,Electronics,Cash on Delivery
893,289,456,2,975.7570619912082,2021-02-07 04:00:00,Books,Credit Card
894,291,109,2,707.3680909640075,2021-02-07 05:00:00,Books,PayPal
895,116,204,2,21.278135863184076,2021-02-07 06:00:00,Clothing,Debit Card
896,88,244,1,701.0211531095916,2021-02-07 07:00:00,Home & Kitchen,Cash on Delivery
897,125,285,2,315.5337594607725,2021-02-07 08:00:00,Electronics,Debit Card
898,410,375,8,506.4366624948314,2021-02-07 09:00:00,Books,Credit Card
899,175,352,1,148.3104385352971,2021-02-07 10:00:00,Home & Kitchen,Credit Card
900,499,66,7,607.4769235537856,2021-02-07 11:00:00,Sports,PayPal
901,364,465,6,221.27127052050884,2021-02-07 12:00:00,Electronics,Debit Card
902,53,371,9,289.9970992794326,2021-02-07 13:00:00,Home & Kitchen,Debit Card
903,490,211,6,699.0973797648537,2021-02-07 14:00:00,Books,Debit Card
904,111,399,7,206.8219537501418,2021-02-07 15:00:00,Sports,Cash on Delivery
905,65,22,9,295.90203748719483,2021-02-07 16:00:00,Clothing,Debit Card
906,333,112,2,96.01681409424835,2021-02-07 17:00:00,Clothing,Debit Card
907,375,368,5,604.3877899426936,2021-02-07 18:00:00,Clothing,Cash on Delivery
908,74,198,6,247.4931097887337,2021-02-07 19:00:00,Books,PayPal
909,147,290,1,882.7333509049275,2021-02-07 20:00:00,Electronics,PayPal
910,261,107,6,595.4536485644896,2021-02-07 21:00:00,Home & Kitchen,PayPal
911,264,131,7,229.53867832594813,2021-02-07 22:00:00,Books,Debit Card
912,132,28,2,17.21432512000175,2021-02-07 23:00:00,Home & Kitchen,Cash on Delivery
913,49,233,2,125.57448463923562,2021-02-08 00:00:00,Books,Cash on Delivery
914,77,376,4,238.2252734353172,2021-02-08 01:00:00,Sports,PayPal
915,294,148,2,556.9869321073656,2021-02-08 02:00:00,Books,Debit Card
916,117,400,7,201.11804870185594,2021-02-08 03:00:00,Clothing,PayPal
917,494,328,1,685.8759973481049,2021-02-08 04:00:00,Electronics,Credit Card
918,49,493,8,97.88952999179696,2021-02-08 05:00:00,Home & Kitchen,Credit Card
919,110,286,7,405.7345392058228,2021-02-08 06:00:00,Sports,Debit Card
920,467,420,5,244.22196684083897,2021-02-08 07:00:00,Clothing,PayPal
921,180,226,3,804.8324671839656,2021-02-08 08:00:00,Sports,Credit Card
922,50,305,4,136.67336687361106,2021-02-08 09:00:00,Home & Kitchen,Cash on Delivery
923,72,434,7,129.3944864199404,2021-02-08 10:00:00,Books,Debit Card
924,347,337,7,783.7054487178397,2021-02-08 11:00:00,Electronics,Credit Card
925,434,185,3,358.2686154720024,2021-02-08 12:00:00,Clothing,Credit Card
926,495,320,2,789.3684510910213,2021-02-08 13:00:00,Electronics,Cash on Delivery
927,286,473,8,668.046829785335,2021-02-08 14:00:00,Home & Kitchen,Debit Card
928,4,443,9,97.32838817321365,2021-02-08 15:00:00,Sports,Credit Card
929,75,390,9,971.3386734598193,2021-02-08 16:00:00,Electronics,Credit Card
930,85,308,5,931.1625283558511,2021-02-08 17:00:00,Sports,Debit Card
931,491,251,3,803.8289515535321,2021-02-08 18:00:00,Electronics,Debit Card
932,322,62,9,839.9898317724416,2021-02-08 19:00:00,Home & Kitchen,Debit Card
933,376,107,1,624.3147837296826,2021-02-08 20:00:00,Sports,Cash on Delivery
934,21,468,4,920.855742293906,2021-02-08 21:00:00,Electronics,Credit Card
935,209,274,1,421.6296379164446,2021-02-08 22:00:00,Electronics,PayPal
936,43,46,6,894.4899121002984,2021-02-08 23:00:00,Home & Kitchen,Debit Card
937,499,481,8,463.691557398675,2021-02-09 00:00:00,Sports,PayPal
938,29,63,8,783.9632281842601,2021-02-09 01:00:00,Electronics,Cash on Delivery
939,411,23,5,480.84369914221514,2021-02-09 02:00:00,Clothing,PayPal
940,344,226,9,700.2443232577224,2021-02-09 03:00:00,Home & Kitchen,Credit Card
941,181,103,3,438.312075101881,2021-02-09 04:00:00,Electronics,Cash on Delivery
942,305,138,6,387.3854626151236,2021-02-09 05:00:00,Home & Kitchen,Cash on Delivery
943,451,262,2,655.5088899669103,2021-02-09 06:00:00,Books,Debit Card
944,103,333,8,783.9590804968965,2021-02-09 07:00:00,Electronics,Credit Card
945,266,62,8,90.64044553188475,2021-02-09 08:00:00,Clothing,Debit Card
946,259,171,2,271.4491466826778,2021-02-09 09:00:00,Books,Debit Card
947,373,248,6,592.7584080049282,2021-02-09 10:00:00,Home & Kitchen,PayPal
948,365,401,1,300.9485527489248,2021-02-09 11:00:00,Sports,Credit Card
949,234,316,8,585.2072235403765,2021-02-09 12:00:00,Sports,PayPal
950,346,274,9,993.4601960521109,2021-02-09 13:00:00,Home & Kitchen,Credit Card
951,381,197,5,886.2513453882788,2021-02-09 14:00:00,Sports,PayPal
952,374,317,6,581.8948041559321,2021-02-09 15:00:00,Sports,Debit Card
953,101,154,3,77.61753694080983,2021-02-09 16:00:00,Clothing,Debit Card
954,91,143,1,824.6331371235055,2021-02-09 17:00:00,Books,Debit Card
955,69,366,9,952.1163205138183,2021-02-09 18:00:00,Electronics,Credit Card
956,106,318,7,136.50619549403027,2021-02-09 19:00:00,Books,Debit Card
957,11,182,6,622.8002436847595,2021-02-09 20:00:00,Home & Kitchen,Credit Card
958,13,82,4,156.76563935229237,2021-02-09 21:00:00,Clothing,PayPal
959,105,30,9,120.20700304010587,2021-02-09 22:00:00,Home & Kitchen,PayPal
960,226,199,1,373.2799711311113,2021-02-09 23:00:00,Books,PayPal
961,422,29,8,260.42754384924683,2021-02-10 00:00:00,Clothing,Debit Card
962,168,203,3,738.6256591156181,2021-02-10 01:00:00,Clothing,Credit Card
963,417,134,9,233.93634956218287,2021-02-10 02:00:00,Books,Debit Card
964,379,485,8,847.8495463142535,2021-02-10 03:00:00,Electronics,Debit Card
965,290,485,7,248.14934589005094,2021-02-10 04:00:00,Books,Debit Card
966,411,341,1,662.8236557554108,2021-02-10 05:00:00,Clothing,Credit Card
967,100,440,6,183.0099278678584,2021-02-10 06:00:00,Clothing,Credit Card
968,218,499,3,586.0380499956309,2021-02-10 07:00:00,Electronics,Debit Card
969,307,179,7,508.7640795718405,2021-02-10 08:00:00,Electronics,Debit Card
970,345,87,9,575.6667711092152,2021-02-10 09:00:00,Home & Kitchen,Credit Card
971,211,182,5,391.089253448684,2021-02-10 10:00:00,Home & Kitchen,Debit Card
972,277,267,1,931.0026682795301,2021-02-10 11:00:00,Clothing,Credit Card
973,223,44,4,317.4027162320018,2021-02-10 12:00:00,Home & Kitchen,Cash on Delivery
974,157,444,5,909.0451626624236,2021-02-10 13:00:00,Electronics,Cash on Delivery
975,73,415,2,749.6285936086813,2021-02-10 14:00:00,Home & Kitchen,PayPal
976,275,316,9,372.7251473279961,2021-02-10 15:00:00,Home & Kitchen,PayPal
977,410,143,3,464.0113058828101,2021-02-10 16:00:00,Clothing,Debit Card
978,409,433,9,874.0691791634443,2021-02-10 17:00:00,Books,Credit Card
979,40,121,9,188.6658367373805,2021-02-10 18:00:00,Books,Credit Card
980,235,382,8,162.7253225210687,2021-02-10 19:00:00,Sports,Debit Card
981,124,57,4,571.7048165872696,2021-02-10 20:00:00,Sports,Debit Card
982,285,450,7,981.8601472132074,2021-02-10 21:00:00,Clothing,Credit Card
983,153,361,4,504.8753317488515,2021-02-10 22:00:00,Clothing,PayPal
984,147,392,8,619.053656093459,2021-02-10 23:00:00,Books,Debit Card
985,196,454,8,629.5564901668304,2021-02-11 00:00:00,Clothing,Credit Card
986,173,144,3,693.0743359727561,2021-02-11 01:00:00,Electronics,PayPal
987,212,120,8,677.0645448165592,2021-02-11 02:00:00,Clothing,Debit Card
988,302,490,9,876.5291068725886,2021-02-11 03:00:00,Home & Kitchen,Cash on Delivery
989,311,309,5,438.6662151460036,2021-02-11 04:00:00,Clothing,PayPal
990,1,289,4,947.5333680493295,2021-02-11 05:00:00,Books,PayPal
991,139,88,1,780.4479522843363,2021-02-11 06:00:00,Electronics,Debit Card
992,196,463,3,281.48202276982585,2021-02-11 07:00:00,Sports,Cash on Delivery
993,391,419,6,296.44850242283064,2021-02-11 08:00:00,Electronics,Credit Card
994,220,30,5,404.5918680504524,2021-02-11 09:00:00,Electronics,Credit Card
995,356,52,3,971.1387921562981,2021-02-11 10:00:00,Home & Kitchen,Credit Card
996,442,474,8,33.17613032148089,2021-02-11 11:00:00,Electronics,PayPal
997,455,438,4,89.49141146682692,2021-02-11 12:00:00,Clothing,Cash on Delivery
998,404,261,8,440.5868742870151,2021-02-11 13:00:00,Books,PayPal
999,163,193,4,600.716472507346,2021-02-11 14:00:00,Electronics,PayPal
1000,51,380,2,940.7391918274615,2021-02-11 15:00:00,Electronics,Debit Card
